time,CapMrktEstUSD,ReferenceRate,ReferenceRateBTC,ReferenceRateETH,ReferenceRateEUR,ReferenceRateUSD
2020-11-25,,0.161514958230275,0.00000843409090675313,0.000267155192904289,0.135819822809792,0.161514958230275
2020-11-26,,0.125246600117226,0.00000668039097291618,0.00022040859272362,0.105265252972716,0.125246600117226
2020-11-27,,0.118579589403179,0.00000692892083549695,0.000228742658463409,0.0995488650244755,0.118579589403179
2020-11-28,,0.112193159164967,0.00000656038846454858,0.000216990493682395,0.0938980574518178,0.112193159164967
2020-11-29,,0.119600354323378,0.00000673980339879697,0.000221142556837389,0.100001250823945,0.119600354323378
2020-11-30,,0.124110424733023,0.0000068226778607569,0.000215891692362127,0.103798917718395,0.124110424733023
2020-12-01,,0.128549759249163,0.00000653717934557089,0.000209545479997404,0.107278546497053,0.128549759249163
2020-12-02,,0.139722986435779,0.00000742393593223977,0.000237522510894076,0.115860218938506,0.139722986435779
2020-12-03,,0.151533838817313,0.00000788627876422918,0.000253009111525327,0.125098492713923,0.151533838817313
2020-12-04,,0.163217610246233,0.00000838289683724319,0.000264296788428972,0.134443069316056,0.163217610246233
2020-12-05,,0.136735914198361,0.00000729921285475689,0.000238974778912806,0.112798606085334,0.136735914198361
2020-12-06,,0.13845726347477,0.00000724352188851682,0.000232734258857419,0.114302380235083,0.13845726347477
2020-12-07,,0.128010634064318,0.00000661337877665037,0.000212555116953076,0.105571608003533,0.128010634064318
2020-12-08,,0.126192146363028,0.00000657861448482452,0.000213227207680951,0.104240106567677,0.126192146363028
2020-12-09,,0.124881027448347,0.0000068088531871521,0.0002252874786678,0.103229884274442,0.124881027448347
2020-12-10,,0.119786125893324,0.000006448887300865,0.000208608830156283,0.0993194553220592,0.119786125893324
2020-12-11,,0.119666869673408,0.00000654101507329964,0.000213519139996747,0.0986622641855335,0.119666869673408
2020-12-12,,0.119237435970018,0.00000660165099083648,0.000218590299321264,0.0984965354580509,0.119237435970018
2020-12-13,,0.119191980252041,0.00000633552237442208,0.000209643724802743,0.0985118742800605,0.119191980252041
2020-12-14,,0.132945432886779,0.00000694011590565272,0.000225131779001953,0.109545928764629,0.132945432886779
2020-12-15,,0.126873871922396,0.0000065782914890075,0.000216334736135612,0.104455461723441,0.126873871922396
2020-12-16,,0.12985999257938,0.00000668258851977328,0.000220475063647258,0.106874596387776,0.12985999257938
2020-12-17,,0.138000954718021,0.00000645747792589037,0.000216912712583661,0.112971775870438,0.138000954718021
2020-12-18,,0.143057846107528,0.00000627742188880692,0.000222558312660246,0.11654175537471,0.143057846107528
2020-12-19,,0.137944713452625,0.00000598490704727773,0.000211568359118413,0.112491697922991,0.137944713452625
2020-12-20,,0.141448343583159,0.00000592906427472902,0.000214408567855384,0.114993308786875,0.141448343583159
2020-12-21,,0.127905683260804,0.00000543619049730556,0.000200302709207036,0.10436206368119,0.127905683260804
2020-12-22,,0.128626487289955,0.00000560771423197986,0.000209986487298888,0.105218910148515,0.128626487289955
2020-12-23,,0.129581490817492,0.00000545448068052584,0.000204330533156775,0.106225844136917,0.129581490817492
2020-12-24,,0.120262771040124,0.00000515988214779686,0.000204351678721956,0.0988367740124315,0.120262771040124
2020-12-25,,0.132216729537869,0.00000557696878857977,0.000216077984269558,0.10851791478242,0.132216729537869
2020-12-26,,0.125481834723539,0.0000050865863588035,0.000200501367878501,0.102826978061576,0.125481834723539
2020-12-27,,0.129319632240866,0.00000488402823525711,0.000203394523671457,0.105794070222148,0.129319632240866
2020-12-28,,0.127999680664834,0.00000484281242244794,0.000185916153307496,0.104070275035352,0.127999680664834
2020-12-29,,0.129976063320629,0.0000048069228007134,0.000177923077179264,0.106364532539144,0.129976063320629
2020-12-30,,0.134901917690431,0.00000495394622980675,0.000184308277204976,0.110071900277971,0.134901917690431
2020-12-31,,0.137276126980476,0.00000475915983871285,0.000182740486441723,0.111618972025826,0.137276126980476
2021-01-01,,0.132333753547855,0.00000455966825611695,0.000179065121435223,0.108137286481962,0.132333753547855
2021-01-02,,0.131293290065109,0.00000446869264760044,0.000179628837962466,0.107210949085231,0.131293290065109
2021-01-03,,0.136947830942742,0.00000427658854345439,0.000176639271961755,0.110183885866118,0.136947830942742
2021-01-04,,0.166465942342171,0.0000050023068152133,0.000168085390458858,0.130927383970147,0.166465942342171
2021-01-05,,0.168418807502182,0.00000529583141096774,0.000163462866930586,0.137168496640518,0.168418807502182
2021-01-06,,0.181903768245643,0.00000534803859597366,0.000165132901463943,0.147579447129351,0.181903768245643
2021-01-07,,0.187217150274693,0.00000510918132632896,0.000156098533101019,0.151453224988393,0.187217150274693
2021-01-08,,0.189592703958247,0.00000483461828130091,0.000155376573955433,0.153605582084387,0.189592703958247
2021-01-09,,0.197805349287731,0.000004851094707843,0.000162151385662206,0.16056153252062,0.197805349287731
2021-01-10,,0.212161783755501,0.00000525534302142188,0.000164853684988252,0.169126195479461,0.212161783755501
2021-01-11,,0.208124649546828,0.00000542990431461573,0.000164468693439045,0.168104079983138,0.208124649546828
2021-01-12,,0.182162736400788,0.00000516487802635406,0.000168216622028274,0.149751688064476,0.182162736400788
2021-01-13,,0.183048840802793,0.00000542970742581052,0.000176205135936011,0.150152719284398,0.183048840802793
2021-01-14,,0.203700157874088,0.0000054616357646097,0.000180596971902975,0.167468815562322,0.203700157874088
2021-01-15,,0.240286824592392,0.00000615401804886006,0.000198155216683433,0.197499734555947,0.240286824592392
2021-01-16,,0.23766591759059,0.00000647409050811967,0.000203542635681589,0.196709316560582,0.23766591759059
2021-01-17,,0.245139116386772,0.00000677605515048152,0.000199055733741091,0.203008972561911,0.245139116386772
2021-01-18,,0.245466628867636,0.00000680529639073974,0.000197630352074481,0.20312942219435,0.245466628867636
2021-01-19,,0.281908628294997,0.00000770362203988268,0.000225138503637197,0.233173174727828,0.281908628294997
2021-01-20,,0.281336733308779,0.00000776098203408992,0.000202972149137301,0.23188274324001,0.281336733308779
2021-01-21,,0.268402083123056,0.00000755732663688859,0.000196225736315655,0.221351237840067,0.268402083123056
2021-01-22,,0.232969838728187,0.00000750959631524139,0.000205677570370946,0.191579306475497,0.232969838728187
2021-01-23,,0.23725705264231,0.00000719256407060943,0.000192053117148622,0.1949849889436,0.23725705264231
2021-01-24,,0.226546996658274,0.00000707157574441045,0.000183771922682825,0.186162172439618,0.226546996658274
2021-01-25,,0.249297221391528,0.00000773827956179193,0.000179708605019098,0.204773143217124,0.249297221391528
2021-01-26,,0.238362721936735,0.00000735240234233067,0.000179813938190095,0.196644590286844,0.238362721936735
2021-01-27,,0.236084695477106,0.00000723284536328025,0.00017335599979918,0.194057863687341,0.236084695477106
2021-01-28,,0.214435524161991,0.00000706334152086124,0.00017210767971623,0.177249736528065,0.214435524161991
2021-01-29,,0.230103306081725,0.00000686644180497062,0.000171491760539613,0.189624064705205,0.230103306081725
2021-01-30,,0.230436077860338,0.00000674457267593984,0.000166571198601822,0.189931142781113,0.230436077860338
2021-01-31,,0.228311803666649,0.00000664664788079254,0.000165459097483325,0.188044420882967,0.228311803666649
2021-02-01,,0.248358110303212,0.00000749017927348115,0.000188529089279512,0.204979908823871,0.248358110303212
2021-02-02,,0.234017831031515,0.00000697098409268057,0.000170821546787833,0.193963369614819,0.234017831031515
2021-02-03,,0.260668748676252,0.00000732294803405954,0.000171023604744028,0.216134874810504,0.260668748676252
2021-02-04,,0.285763547560205,0.00000760446829315541,0.000172196501518877,0.237110928639241,0.285763547560205
2021-02-05,,0.268851761015131,0.00000724097852211544,0.000167155045365371,0.224743683232361,0.268851761015131
2021-02-06,,0.30315085243785,0.00000796813133793318,0.00017620148022802,0.251824223232956,0.30315085243785
2021-02-07,,0.311444469999104,0.00000791639038509886,0.000184975368733853,0.258662833135976,0.311444469999104
2021-02-08,,0.313314806756896,0.00000803309255440991,0.000193877806666994,0.260271925976035,0.313314806756896
2021-02-09,,0.379182059243375,0.00000822129572119762,0.000217477670275256,0.314524633920024,0.379182059243375
2021-02-10,,0.392204966436638,0.00000842578846637393,0.000221480515766464,0.32395761865512,0.392204966436638
2021-02-11,,0.396398908997376,0.00000879359732767305,0.000226745356395404,0.327366739801016,0.396398908997376
2021-02-12,,0.443938238358012,0.00000926940707310445,0.000248623679843355,0.36627896376482,0.443938238358012
2021-02-13,,0.526301100330033,0.0000110741459073713,0.000285033390031252,0.434110417872055,0.526301100330033
2021-02-14,,0.561821069775096,0.0000119008140875329,0.000308792523029909,0.464564421599339,0.561821069775096
2021-02-15,,0.495913197525015,0.0000101559481738304,0.000273748244105376,0.409425717489103,0.495913197525015
2021-02-16,,0.464010754651979,0.00000964473962160502,0.000259581989232922,0.382924602272341,0.464010754651979
2021-02-17,,0.445323196862829,0.0000090622655497804,0.000250094474329638,0.368176455966394,0.445323196862829
2021-02-18,,0.460167752597724,0.00000881126451087894,0.000249380984139127,0.382285561346928,0.460167752597724
2021-02-19,,0.518051998259178,0.0000100300347855297,0.000268085752506685,0.428897098548879,0.518051998259178
2021-02-20,,0.456784387881199,0.00000818309316190331,0.000232931529797113,0.375995823347936,0.456784387881199
2021-02-21,,0.39679835225766,0.00000710321196533628,0.000207443447517226,0.327614596274995,0.39679835225766
2021-02-22,,0.420881349357745,0.00000731958448222618,0.000217635278308496,0.347006225246377,0.420881349357745
2021-02-23,,0.38157555616555,0.00000707248056941452,0.000215432307912753,0.314047201501241,0.38157555616555
2021-02-24,,0.321661646422131,0.00000662393754292401,0.000205791591392292,0.264744437250495,0.321661646422131
2021-02-25,,0.322232006493398,0.0000065008929167746,0.000199331445582661,0.265164120595374,0.322232006493398
2021-02-26,,0.299352073154356,0.00000629312242862868,0.000200710242971937,0.246183047577483,0.299352073154356
2021-02-27,,0.285103113140086,0.00000616682268650098,0.000197672118049224,0.236458625973809,0.285103113140086
2021-02-28,,0.285195130410878,0.00000622227900978109,0.000196140867106981,0.237093297558296,0.285195130410878
2021-03-01,,0.27732000225351,0.00000611382888584016,0.000194557844807929,0.22946007612745,0.27732000225351
2021-03-02,,0.344307245882798,0.00000693686070733595,0.000220252892210802,0.285724952474966,0.344307245882798
2021-03-03,,0.320355687940761,0.00000663197683755665,0.000215021294136653,0.265374207213869,0.320355687940761
2021-03-04,,0.328082309367803,0.00000647226840857518,0.000207113908867723,0.272396303338225,0.328082309367803
2021-03-05,,0.319111157142101,0.00000658330418153057,0.000207481424871602,0.26718987541497,0.319111157142101
2021-03-06,,0.331540286109484,0.00000679374453234148,0.000216574052748395,0.278025220760132,0.331540286109484
2021-03-07,,0.33835293813458,0.00000690931824153608,0.00020384692217208,0.283809074200449,0.33835293813458
2021-03-08,,0.370432588441952,0.00000725109019360878,0.000215472935139243,0.310122556214469,0.370432588441952
2021-03-09,,0.382052522389436,0.00000733468433132108,0.000209214874384311,0.321821285320906,0.382052522389436
2021-03-10,,0.384885317307812,0.00000703126411332957,0.000206702147155441,0.323486909279192,0.384885317307812
2021-03-11,,0.353008210796099,0.00000629068275410931,0.000195743272112575,0.29614539842405,0.353008210796099
2021-03-12,,0.357706285615963,0.00000618363457373228,0.000195712453413817,0.298221752007556,0.357706285615963
2021-03-13,,0.395623145423573,0.00000690024625310716,0.000223705021273799,0.330402598678444,0.395623145423573
2021-03-14,,0.444271657820123,0.00000724882360868202,0.000230526107096167,0.364820419168256,0.444271657820123
2021-03-15,,0.428773684702624,0.00000715748698786703,0.000228783127984506,0.357736169772364,0.428773684702624
2021-03-16,,0.393319174449956,0.00000700839828153198,0.000218887003166465,0.33046464284069,0.393319174449956
2021-03-17,,0.457533610402015,0.00000809787608037237,0.000254616528209644,0.384476368852541,0.457533610402015
2021-03-18,,0.450965128796336,0.00000768475745509066,0.000247937331140411,0.376183249503937,0.450965128796336
2021-03-19,,0.432813537918721,0.00000749701097408369,0.000242929140044348,0.363662637623887,0.432813537918721
2021-03-20,,0.457050184392006,0.00000785739971118166,0.000252461770965155,0.384414172709792,0.457050184392006
2021-03-21,,0.445626676516347,0.00000765052119507818,0.000245829768761895,0.374581380449851,0.445626676516347
2021-03-22,,0.414777081659369,0.00000722005231268975,0.000232403834315094,0.349363064059642,0.414777081659369
2021-03-23,,0.390335339118499,0.00000716828006811667,0.000231088838751032,0.327742917764942,0.390335339118499
2021-03-24,,0.391159112392749,0.00000716886398175308,0.000233981524055716,0.330582905737031,0.391159112392749
2021-03-25,,0.372536639837844,0.00000708306353085517,0.000234760078463899,0.31595038153596,0.372536639837844
2021-03-26,,0.358148879865409,0.00000694798944834049,0.000225402252534382,0.304531058680219,0.358148879865409
2021-03-27,,0.415018667803882,0.00000757086631376919,0.0002447521590468,0.35210916121857,0.415018667803882
2021-03-28,,0.417533912350141,0.00000745332247347955,0.000243018027302533,0.353756301996437,0.417533912350141
2021-03-29,,0.42070273470366,0.00000755124381565531,0.000249651135992318,0.357042651568277,0.42070273470366
2021-03-30,,0.456239811754972,0.00000792478787103844,0.000251907086111427,0.38697461537251,0.456239811754972
2021-03-31,,0.509418472199985,0.00000868062353987491,0.000276726420759661,0.434590457067637,0.509418472199985
2021-04-01,,0.513101628595659,0.00000872737665433956,0.000267675401398633,0.436607925832688,0.513101628595659
2021-04-02,,0.471514606904373,0.00000801636869872763,0.000239196860713514,0.400526313329611,0.471514606904373
2021-04-03,,0.463889195954646,0.00000785832866554919,0.000217373117160146,0.394106770135831,0.463889195954646
2021-04-04,,0.452552776794074,0.00000790038229477591,0.000223466423438506,0.386358281662237,0.452552776794074
2021-04-05,,0.482298486013953,0.00000828660241455247,0.000232164971516136,0.410617192976598,0.482298486013953
2021-04-06,,0.497215310316469,0.00000846239632156987,0.000236822504278851,0.420578035027527,0.497215310316469
2021-04-07,,0.468984851588342,0.00000807424273933872,0.000221543092256899,0.395719334854905,0.468984851588342
2021-04-08,,0.442144883799438,0.00000785800172239578,0.000222698374839006,0.373183583372656,0.442144883799438
2021-04-09,,0.471496825879305,0.00000813439647311275,0.000226839295530931,0.395950674971136,0.471496825879305
2021-04-10,,0.491996440574853,0.0000084751335516619,0.000238133434472742,0.414152855116889,0.491996440574853
2021-04-11,,0.470438708352259,0.00000788644448419284,0.000220843772786075,0.394800962446273,0.470438708352259
2021-04-12,,0.476051909742819,0.0000079430774468014,0.000222000606202077,0.399912626020186,0.476051909742819
2021-04-13,,0.462672104921505,0.00000772330979069319,0.000215916494730992,0.387830713737443,0.462672104921505
2021-04-14,,0.470441957000147,0.00000741488255928077,0.000204727646116231,0.393532078197145,0.470441957000147
2021-04-15,,0.451915549011432,0.00000718815293154947,0.000185950602074201,0.377505024330474,0.451915549011432
2021-04-16,,0.458828305113821,0.00000725636353086093,0.000182104912085853,0.38348395795816,0.458828305113821
2021-04-17,,0.428098352848165,0.00000695290944435303,0.000176291659344069,0.357581399928889,0.428098352848165
2021-04-18,,0.431003792256221,0.0000071499258073031,0.000184019742126982,0.362630215289173,0.431003792256221
2021-04-19,,0.369757068354697,0.00000655719040176432,0.000164813882385723,0.310080300750215,0.369757068354697
2021-04-20,,0.364349876669776,0.00000652978568381264,0.000168009620345906,0.303274132006248,0.364349876669776
2021-04-21,,0.342462674242532,0.00000606403668513909,0.000147074048908786,0.284817366913561,0.342462674242532
2021-04-22,,0.330680324115888,0.00000612078537884071,0.000139881975786191,0.27504586222989,0.330680324115888
2021-04-23,,0.32380449419655,0.00000624116496874633,0.000133819810204344,0.269500067286591,0.32380449419655
2021-04-24,,0.314410817016878,0.00000617037330930078,0.000133387413972855,0.260529403151575,0.314410817016878
2021-04-25,,0.295406137965477,0.00000587522754285153,0.000132079011643839,0.245197173842044,0.295406137965477
2021-04-26,,0.294455170492794,0.00000601580335816727,0.00012799301571011,0.243781269950727,0.294455170492794
2021-04-27,,0.326972564840753,0.00000606140636374696,0.000129439803464853,0.270707786161289,0.326972564840753
2021-04-28,84545591.065251944616544719024,0.359756360913867,0.00000653781158960247,0.00013594439540326,0.297700077122173,0.359756360913867
2021-04-29,87654931.672109369447343065817,0.346914908721124,0.00000633202239105491,0.000126600623790603,0.28595120936545,0.346914908721124
2021-04-30,94138136.185012132072426765071,0.359286376728021,0.00000670722333046539,0.000130152302775459,0.296523425016429,0.359286376728021
2021-05-01,94486532.391785766591842077881,0.385466209347561,0.00000667572855585068,0.000139142906066814,0.320125646342524,0.385466209347561
2021-05-02,103415805.343591111978713187348,0.386487399778227,0.00000667928479990473,0.000131042944788327,0.320665942551843,0.386487399778227
2021-05-03,117258968.92908131970000067305,0.422525937592204,0.00000746873859758496,0.000143108978223747,0.351456353838237,0.422525937592204
2021-05-04,105098827.211510347444847285457,0.478586899942075,0.00000836061268792088,0.000139503342139151,0.396796018592747,0.478586899942075
2021-05-05,114696526.65265173030250153004,0.428553656616483,0.00000797693373031533,0.000130860412594377,0.356992549277786,0.428553656616483
2021-05-06,104046909.924284794685706688786,0.46715461844374,0.0000081468105295165,0.000132491399485939,0.388031541837397,0.46715461844374
2021-05-07,102840453.312499558396167708896,0.423406347744694,0.00000749029143293323,0.000120954473394976,0.350990677461098,0.423406347744694
2021-05-08,111089795.057485626178271257386,0.418046881673936,0.00000729053177658273,0.00012003761363781,0.344682402275417,0.418046881673936
2021-05-09,109395325.315554925542788694926,0.451054155844874,0.00000767933105854662,0.000116048673936931,0.371127434635423,0.451054155844874
2021-05-10,98310007.040025895599726048775,0.443641284484171,0.00000761113856972758,0.000113287043264168,0.364723382349426,0.443641284484171
2021-05-11,109194940.207353227648265894556,0.398302243643869,0.00000712489058707128,0.000100726788585676,0.328599829058696,0.398302243643869
2021-05-12,97630642.65702604661906451434,0.441971661425282,0.00000780701724095196,0.000106351277614343,0.364342421942394,0.441971661425282
2021-05-13,88217498.555394960950466067245,0.394921458692026,0.00000774775774167401,0.000099338758162542,0.328014290014913,0.394921458692026
2021-05-14,92898414.567148878804615873912,0.356420560617785,0.0000072195779528217,0.0000966653599471403,0.295460179794414,0.356420560617785
2021-05-15,83747446.8057329091522933687,0.375677897037484,0.0000075139492820893,0.0000919267378134066,0.310023006587953,0.375677897037484
2021-05-16,85816271.313866202464533212672,0.338324516641002,0.00000719105552445244,0.0000921212100366906,0.279049540527756,0.338324516641002
2021-05-17,79497597.65186007725662156251,0.346250205227872,0.00000752349779614784,0.0000971019209523158,0.284641042371646,0.346250205227872
2021-05-18,78914526.258084587696485922575,0.32041538223087,0.00000736715875660573,0.0000976867147722545,0.263621256592439,0.32041538223087
2021-05-19,89968783.93990054855834904856,0.317827401198365,0.0000074276423688986,0.0000943600919821736,0.260811915869047,0.317827401198365
2021-05-20,77515255.266010040671989255032,0.361882600373655,0.00000961366561953873,0.000142713029573968,0.297970626949749,0.361882600373655
2021-05-21,100398951.36668634428599781386,0.311488227445672,0.00000763462725063951,0.00011212981161598,0.255685366056572,0.311488227445672
2021-05-22,130617896.058920618313641530008,0.315348785436035,0.00000848297134320558,0.000130634144747586,0.259618569522277,0.315348785436035
2021-05-23,121330949.731426326096443891719,0.409795109013714,0.0000108862348641217,0.000176571724145985,0.337421738656078,0.409795109013714
2021-05-24,123233495.76595646698763341293,0.381058272797453,0.0000109580721816509,0.00018097385443927,0.313238385500197,0.381058272797453
2021-05-25,112599319.971207784457104300836,0.386518673514219,0.0000100055547516237,0.000147179694983178,0.317221572775498,0.386518673514219
2021-05-26,114438744.671283615719385863282,0.352706151054828,0.00000921631201728106,0.000130797275282755,0.287984993363465,0.352706151054828
2021-05-27,105314513.748344497843836267491,0.358018736394911,0.00000913432900285455,0.000124800885001013,0.293771247953915,0.358018736394911
2021-05-28,99517055.491473080481067209795,0.329022524440313,0.00000854363028283915,0.000119945362065888,0.270175053401397,0.329022524440313
2021-05-29,90401313.413334760028850033938,0.310534219322617,0.00000872367558576267,0.000128569466862769,0.254981531808812,0.310534219322617
2021-05-30,103600399.73256155683118154584,0.281704159268618,0.00000812253141652926,0.000123076286551562,0.231830044027983,0.281704159268618
2021-05-31,109453506.529158060669745071018,0.322398291018332,0.00000904288019882868,0.000134798118974252,0.264819962046328,0.322398291018332
2021-06-01,105229984.64011496616614510928,0.340166407064709,0.00000911657159482834,0.000126024223863912,0.278137504709518,0.340166407064709
2021-06-02,114584310.831393512428351522714,0.326637756316436,0.00000890958750271003,0.000124376499792313,0.267419254602834,0.326637756316436
2021-06-03,116724145.703638423452098223784,0.355208698691777,0.00000943713697070913,0.00013092066667083,0.29096612844083,0.355208698691777
2021-06-04,110106442.10259359535949131514,0.361357600141036,0.0000092276867256146,0.00012641064645352,0.297975453476348,0.361357600141036
2021-06-05,105980512.994434002604133749265,0.336204087645316,0.00000911508195042042,0.000125016513528736,0.276971119083396,0.336204087645316
2021-06-06,107053285.294316118063029302135,0.321733484625445,0.00000908606090764317,0.000123507532993855,0.265135216020612,0.321733484625445
2021-06-07,95368583.358966333575166223712,0.324556153087589,0.00000908596478002679,0.000119935082978608,0.267230384402527,0.324556153087589
2021-06-08,92444331.04146312777554849516,0.288803466721522,0.00000856350649932487,0.000111071459190622,0.237440078350617,0.288803466721522
2021-06-09,101694117.810144095469739656052,0.279572121210635,0.00000835165683700915,0.000110982820437624,0.229832495103322,0.279572121210635
2021-06-10,89867260.439905966547058241625,0.307147595383972,0.00000821843808756536,0.000117878388402604,0.252277248008358,0.307147595383972
2021-06-11,90458560.469410491604456638084,0.271113287025325,0.00000736200702471304,0.000109259043085189,0.222847881444657,0.271113287025325
2021-06-12,95457091.983891308906009904618,0.272548058232598,0.00000732943866703335,0.000116223627517414,0.225108488839697,0.272548058232598
2021-06-13,95612712.322897134849549011102,0.287245061125914,0.00000805303433761668,0.000120648603376415,0.237932176766137,0.287245061125914
2021-06-14,94551607.50745005379369533014,0.287362920294997,0.00000738239753123867,0.000114731932297326,0.237185937805252,0.287362920294997
2021-06-15,94270231.031361205747709009128,0.283825532595485,0.00000701572985631815,0.000110136051710965,0.234241693857926,0.283825532595485
2021-06-16,87741448.790912819770581647806,0.282586358672062,0.00000701996783892933,0.000110699187517004,0.233268823985857,0.282586358672062
2021-06-17,88408357.155769039614163545984,0.262685450945926,0.00000686480381689217,0.000111260279186229,0.219089289458771,0.262685450945926
2021-06-18,79982906.274006690380281799097,0.264343541282748,0.00000695299776089248,0.000111613246989331,0.222039950424559,0.264343541282748
2021-06-19,79822394.940600195837184958742,0.234950024553783,0.00000657859583115804,0.000105615675258809,0.198416755924663,0.234950024553783
2021-06-20,81773019.979855418211733232883,0.234338346802503,0.00000659068799540713,0.00010775392118095,0.198141705459649,0.234338346802503
2021-06-21,62251629.80103737478156714187,0.239905697488943,0.00000673893508894399,0.000106973561669768,0.202241474232215,0.239905697488943
2021-06-22,54459364.245038561756339444429,0.182504493884794,0.00000575448759131276,0.0000960351287354365,0.153121279959228,0.182504493884794
2021-06-23,55959247.82569985915487085893,0.159564735423871,0.00000492566520803355,0.000085437300308455,0.133864111798578,0.159564735423871
2021-06-24,55490505.1269115477928572218,0.16384445420207,0.00000487480012907219,0.000083504212578166,0.137347966946477,0.16384445420207
2021-06-25,48328258.744209648496990801675,0.1623629668378,0.00000468458680004127,0.0000817263773507001,0.136048619976354,0.1623629668378
2021-06-26,45326528.478106551567976362312,0.141327384567223,0.00000446059842792692,0.0000777443788890717,0.1186718504972,0.141327384567223
2021-06-27,48062369.27352761099246843166,0.132455019873991,0.00000415340891548992,0.0000735054182961343,0.110974495808925,0.132455019873991
2021-06-28,49508659.41031711934084933618,0.140337347639902,0.00000406698400125611,0.000071435877752926,0.117582194368195,0.140337347639902
2021-06-29,53144676.812875782768573460956,0.144482799113797,0.00000420299065296176,0.0000694869929706687,0.121129760714711,0.144482799113797
2021-06-30,60805115.70493026110743764387,0.154969014434642,0.00000431262789832418,0.0000714146138105287,0.130230618391805,0.154969014434642
2021-07-01,55331508.918326979393828264932,0.177186433160126,0.00000505301804302822,0.0000779777520391571,0.149413166762681,0.177186433160126
2021-07-02,53403012.154165747838618959964,0.161151534089326,0.00000480976412280309,0.0000762105745697376,0.136069119530744,0.161151534089326
2021-07-03,53186301.37803472365821363253,0.153230253516748,0.00000453572799008033,0.0000712698944817462,0.129155719488793,0.153230253516748
2021-07-04,54948778.100331946938267469218,0.15247927654069,0.00000440841586012075,0.0000688113426239413,0.128448573732557,0.15247927654069
2021-07-05,50661537.575615337905877068803,0.157460212104741,0.00000445361348620849,0.0000676981071956437,0.1326170425155,0.157460212104741
2021-07-06,53613055.71587402344475326071,0.145097885242439,0.00000427869009444715,0.000065399705646684,0.122383946972291,0.145097885242439
2021-07-07,56191551.258666190145002180568,0.153466128564402,0.00000449731014706434,0.00006620322264276,0.12979211078949,0.153466128564402
2021-07-08,50938596.232216549458176822355,0.160747563768047,0.00000473739745462565,0.0000693750735208867,0.136360707108932,0.160747563768047
2021-07-09,51923981.190005372639966629347,0.145581718612653,0.00000443580831404457,0.0000687054825396432,0.122974308035631,0.145581718612653
2021-07-10,50042733.689097831904286478897,0.148327759778067,0.00000437353029348502,0.0000688687753730595,0.124974899961246,0.148327759778067
2021-07-11,52779624.710288927465105970624,0.142863596671271,0.0000042505080742719,0.0000674819461669153,0.120481959839056,0.142863596671271
2021-07-12,49832028.1248574157803301221,0.150594567337926,0.00000439583825849794,0.0000703649508788155,0.126869514435795,0.150594567337926
2021-07-13,49059941.451349346118581377326,0.142103887228175,0.00000428860345544708,0.0000698975391029732,0.11992146708653,0.142103887228175
2021-07-14,53151060.347192851115970291315,0.139840750123161,0.00000428407735763813,0.0000720962294267134,0.119260092569319,0.139840750123161
2021-07-15,50844209.193311643838485743976,0.151407663226665,0.00000461632873325978,0.0000759910006499044,0.128511299981076,0.151407663226665
2021-07-16,49107779.681297489233248913911,0.144783066389436,0.00000456618146012233,0.0000756887508458424,0.123092162610358,0.144783066389436
2021-07-17,48879838.942642157518718377126,0.139740883361211,0.00000444246369511213,0.0000744051535175707,0.118498108968607,0.139740883361211
2021-07-18,47842147.793732215998380721036,0.137271442480543,0.00000435119991198878,0.0000723636762897577,0.116767432705505,0.137271442480543
2021-07-19,44931230.17287622081039547766,0.134285642511686,0.00000423511090981051,0.0000709496950015705,0.11416146416447,0.134285642511686
2021-07-20,41567992.886077761187847234068,0.12606013411731,0.00000408179958900822,0.0000691798424936444,0.107432180852589,0.12606013411731
2021-07-21,44637235.737179541135707512134,0.116566208327708,0.00000391599921734146,0.0000652909826980009,0.0992775939319427,0.116566208327708
2021-07-22,45010727.640108363993646049109,0.125109059819991,0.00000389509324275633,0.0000630116150422777,0.106417422928333,0.125109059819991
2021-07-23,48846734.67277269039156423834,0.126091774165819,0.00000390292892275143,0.0000623931825374796,0.108158360513836,0.126091774165819
2021-07-24,50050517.325995513741452285506,0.136773290865516,0.00000409015982372665,0.0000647381255938329,0.116230438935804,0.136773290865516
2021-07-25,50687706.828798314005828836178,0.140082974029558,0.0000040999597255337,0.0000642777661782489,0.119020367334778,0.140082974029558
2021-07-26,49103103.538121963399513821728,0.141793528933202,0.00000403740835790458,0.0000648215306098213,0.120380052986645,0.141793528933202
2021-07-27,49702707.078312320249760139093,0.137294308062048,0.00000366658046483635,0.0000612603988249612,0.116401843025072,0.137294308062048
2021-07-28,48711357.185873746110738731712,0.138861954392077,0.00000354904761242547,0.0000607384301670435,0.117542503058103,0.138861954392077
2021-07-29,51873160.168365722709168009384,0.136025348938108,0.00000340581106345833,0.0000592178897654558,0.114847610438159,0.136025348938108
2021-07-30,55465690.947142568186276226088,0.144784560479444,0.00000361183372528343,0.0000607202101561273,0.121884284812155,0.144784560479444
2021-07-31,60627422.575561934469118200172,0.154764337189484,0.00000370341158319957,0.0000631355056569102,0.130432112564889,0.154764337189484
2021-08-01,57123140.539239903272868354226,0.164577329761628,0.0000039378865900316,0.0000646828024351897,0.138837407931463,0.164577329761628
2021-08-02,56639497.833826879213859410144,0.154998564428639,0.00000387797254929007,0.0000604580471181453,0.130968620635476,0.154998564428639
2021-08-03,55116003.22347892374499397661,0.153595915902598,0.00000390787675374869,0.000058645861571802,0.129934667670648,0.153595915902598
2021-08-04,66271863.219984750755385504612,0.14939539146777,0.00000390180137198327,0.0000594510256532096,0.126177414933695,0.14939539146777
2021-08-05,225769139.193768763895353077546,0.179533761245838,0.00000451385732901319,0.0000658130821904646,0.152055662779269,0.179533761245838
2021-08-06,181818460.17994403092865172534,0.611391317016157,0.0000149332357277104,0.000216380703182597,0.516067986618989,0.611391317016157
2021-08-07,177316915.676935518600440666566,0.49206236056871,0.0000114993748893376,0.000170379682875161,0.417433254931565,0.49206236056871
2021-08-08,168983813.232910831087958840305,0.479671843085771,0.0000107828012823412,0.000152597457881299,0.407046530435665,0.479671843085771
2021-08-09,178302118.65438363501441892592,0.456876276165571,0.000010390092526141,0.000150916334632513,0.389202785208032,0.456876276165571
2021-08-10,179792344.151207021623279917885,0.481296425231833,0.000010402890777639,0.000152392463174384,0.41027331213946,0.481296425231833
2021-08-11,277595302.920213141136201002972,0.485086814623795,0.0000106638756748972,0.000154401481973451,0.414410910407118,0.485086814623795
2021-08-12,267176455.38219449640758643132,0.748595610300939,0.0000163891378737709,0.000236257133844712,0.638437240848567,0.748595610300939
2021-08-13,267831907.855963755542749601192,0.720837925617224,0.0000162329867737555,0.000237269034648448,0.614110170575587,0.720837925617224
2021-08-14,252534500.141528797746555869621,0.722049988461484,0.0000151317694776999,0.000217715836903752,0.612305749678874,0.722049988461484
2021-08-15,242961582.523804009421379436584,0.680445927348889,0.0000144394144428655,0.000208153405986271,0.577830420195188,0.680445927348889
2021-08-16,242109456.930729785078273311522,0.654369664891014,0.0000139007628783971,0.000197651327683433,0.554974967759625,0.654369664891014
2021-08-17,241920950.181161804623294992132,0.651792556761214,0.0000141741117066362,0.000206408878703608,0.553437171050786,0.651792556761214
2021-08-18,257001850.103861910689845023259,0.650966655334818,0.0000145584212127112,0.000215511096719411,0.55701483420888,0.650966655334818
2021-08-19,278155000.825753139639286366,0.691310373139807,0.000015378048214218,0.000227306024880357,0.591491069321261,0.691310373139807
2021-08-20,284891828.54296548385830745746,0.66114151594808,0.0000141733333094161,0.000208301003556532,0.565595573424316,0.66114151594808
2021-08-21,274349466.83333217439635133203,0.677099005299645,0.0000137507618825245,0.000206544792241616,0.579493120845443,0.677099005299645
2021-08-22,267142407.27271634035746358186,0.651614639572762,0.0000132792223288363,0.000201444700719685,0.55800793527972,0.651614639572762
2021-08-23,268325395.67920626636135920559,0.63421126961914,0.0000128478254660846,0.000195388811674592,0.543257413978008,0.63421126961914
2021-08-24,241537290.545535961254306458423,0.63666510238179,0.0000128383515076874,0.000191614353095089,0.542308267525702,0.63666510238179
2021-08-25,248793297.85057974071397496206,0.571928336726033,0.0000119336055799532,0.000179647789738531,0.488222091882356,0.571928336726033
2021-08-26,225435296.692701452283835625184,0.58892569483551,0.0000120183235332288,0.000182403165352325,0.502219089972279,0.58892569483551
2021-08-27,246828928.359822743104704871412,0.533143082709822,0.0000112977153014893,0.000170846527793255,0.453655624370402,0.533143082709822
2021-08-28,230388950.716451202169065896652,0.578273082972916,0.0000117898278392383,0.000176841213018371,0.490259358561346,0.578273082972916
2021-08-29,259087024.804619666105313280136,0.539581116845676,0.0000110451146094553,0.000166400165825793,0.4580507133652,0.539581116845676
2021-08-30,231705479.627424389547801764496,0.606595154426357,0.0000123925562298414,0.000187747195225465,0.514550898895338,0.606595154426357
2021-08-31,229351139.774991566898473841262,0.542305019831592,0.0000115076111620972,0.000167462838876738,0.459771938195757,0.542305019831592
2021-09-01,255940161.525972044881190274564,0.536646518238443,0.0000113649958975635,0.000156367916078748,0.454294970704702,0.536646518238443
2021-09-02,242558940.90805342375397301165,0.598654804791369,0.0000122956004601108,0.000157796963751521,0.505315574516778,0.598654804791369
2021-09-03,243912563.68501265925149273601,0.567131865818939,0.0000114874745488732,0.000149564195692787,0.477765628212236,0.567131865818939
2021-09-04,249333712.562151460641069698405,0.570127290309594,0.0000114344400812017,0.000145493241548199,0.48037455258047,0.570127290309594
2021-09-05,261678744.345656738010306237205,0.582636912264133,0.0000116715112727322,0.000149923424563146,0.490666069340693,0.582636912264133
2021-09-06,272925063.858571640810333218968,0.611248521267449,0.0000118121034256611,0.000154565759095197,0.514489125947823,0.611248521267449
2021-09-07,206195559.939679183053016714978,0.637275570707444,0.0000121061635211812,0.000162204758186572,0.537179530641797,0.637275570707444
2021-09-08,208217428.958919072921566189808,0.481323712883642,0.0000102727536088515,0.000140211126228666,0.406993244027569,0.481323712883642
2021-09-09,202382767.194154045551487183958,0.485871045580243,0.0000105194271429843,0.00013851254566055,0.411331346461113,0.485871045580243
2021-09-10,271776954.78149358517636597815,0.472093870384114,0.0000101637529110646,0.000137521891282255,0.40038672263257,0.472093870384114
2021-09-11,271699663.757046763747213380195,0.419509261281494,0.00000937130970112611,0.000130925766966306,0.355617363949038,0.419509261281494
2021-09-12,308431063.042608664819514705712,0.419311856638623,0.00000929767075525202,0.000128654460038347,0.355444318118776,0.419311856638623
2021-09-13,283689689.115525415619262955776,0.475886728876144,0.0000103049029357382,0.000139241019216549,0.402869874814202,0.475886728876144
2021-09-14,364425051.573777149414150556647,0.437636863533824,0.00000972709619140344,0.00013303852591803,0.370939586784124,0.437636863533824
2021-09-15,378615150.408672449012129281564,0.562032036463087,0.0000119523766059595,0.000164352467012499,0.476106072776121,0.562032036463087
2021-09-16,275662917.735452609173963605967,0.583798785645677,0.000012120258485294,0.000162570133686833,0.493929927336339,0.583798785645677
2021-09-17,240947515.609459457658722621592,0.639875700280547,0.0000133872691784344,0.000179351388098406,0.544128247658078,0.639875700280547
2021-09-18,240671714.87430550736760071528,0.558766729020004,0.0000118348194489075,0.000164511488735584,0.476662499864273,0.558766729020004
2021-09-19,235087560.4713920278247635434,0.557690629824688,0.0000115693816255908,0.000162828223605034,0.476161052876055,0.557690629824688
2021-09-20,193076354.232786975135233431746,0.54426040144866,0.0000115264292846287,0.000163934329838833,0.464600878608364,0.54426040144866
2021-09-21,189788689.91178310882647669313,0.446701333126702,0.0000104234281550358,0.000150639417520831,0.381362259285807,0.446701333126702
2021-09-22,210217581.834196115729185179986,0.438505117597885,0.0000108202098022469,0.000159697510557939,0.374153039945568,0.438505117597885
2021-09-23,218936153.393367988506473907549,0.485528129633677,0.0000111416974828574,0.000158476596619136,0.415555342748165,0.485528129633677
2021-09-24,197994831.284878077214720828466,0.504821021871029,0.00001125292945159,0.000160388184879124,0.430448290479349,0.504821021871029
2021-09-25,196117593.322582114245203679279,0.456104817272786,0.0000106558310974078,0.000155531318205856,0.389641854250149,0.456104817272786
2021-09-26,187253280.62586546931934500118,0.451371010837181,0.0000105620265168177,0.000153920298583559,0.386250647701014,0.451371010837181
2021-09-27,184604638.463346135645322862904,0.430746112857434,0.00000998685805916115,0.000141293292711861,0.367963015009562,0.430746112857434
2021-09-28,176748986.55222220275667006028,0.424061881286056,0.00000997868142356433,0.00014362825129155,0.362709324876993,0.424061881286056
2021-09-29,180593437.157267505989702920552,0.405595036210255,0.00000983885937868584,0.000144053060977244,0.348031131214191,0.405595036210255
2021-09-30,190115648.224404314823297998616,0.414042134961688,0.00000998800270648159,0.000145621723330459,0.357072621294862,0.414042134961688
2021-10-01,208397440.492849416478144165548,0.435607263703704,0.00000994956330572713,0.000145128525976465,0.376332094519945,0.435607263703704
2021-10-02,214722745.349704640714773920072,0.476903249532138,0.0000099193382545031,0.000144540586781553,0.410807215017864,0.476903249532138
2021-10-03,214265461.049848678652053991936,0.491121714907018,0.0000102761383010825,0.000144709017148794,0.422571094167058,0.491121714907018
2021-10-04,202205454.748035096902763675212,0.489334398576104,0.0000101516135213532,0.000143061869052058,0.421029377557271,0.489334398576104
2021-10-05,216291573.368716960494396069515,0.461388290375377,0.0000093609721964868,0.000136037598154461,0.39650904844427,0.461388290375377
2021-10-06,212988012.68214847433335045612,0.493218920140247,0.00000956628356835401,0.000140102515373981,0.424901275490311,0.493218920140247
2021-10-07,206374151.645891202301558361216,0.485128188491636,0.00000875369786416478,0.000135192169483612,0.418865813409071,0.485128188491636
2021-10-08,201838534.818670141790095389069,0.469826808057812,0.00000873200330632411,0.000130896242193886,0.405154087523004,0.469826808057812
2021-10-09,206702952.25868434928137758549,0.458886320396679,0.00000850836837296462,0.000128861048564835,0.396392326407785,0.458886320396679
2021-10-10,192476951.521514403344919206759,0.469493016050865,0.00000853454177691451,0.000131147988324791,0.405189168804841,0.469493016050865
2021-10-11,187857499.941217541796838249977,0.436872153200977,0.00000798650699909019,0.000127293687309167,0.377704684924804,0.436872153200977
2021-10-12,188943183.771590944049074318752,0.426067078008951,0.00000743712914004164,0.00012105667452013,0.368807388599144,0.426067078008951
2021-10-13,191254106.610740293804894237993,0.428418137881272,0.00000762361655680367,0.000122711601871411,0.37169019469941,0.428418137881272
2021-10-14,225571618.4977026647175285566,0.433048951102159,0.00000755113009820704,0.000120372864448369,0.373160998155012,0.433048951102159
2021-10-15,239743139.42965610670378138468,0.461996337138175,0.00000805095566603591,0.000122010084182216,0.39831142669235,0.461996337138175
2021-10-16,242378028.964155986302824318096,0.49066708888636,0.00000798532724767329,0.000127059457106248,0.4223541034653,0.49066708888636
2021-10-17,285190340.153414891785288019439,0.495651514337136,0.00000813449419254442,0.000129184643911615,0.425716699047699,0.495651514337136
2021-10-18,273454393.322758510480461182791,0.582688187266683,0.00000948042821714368,0.000151884197672902,0.501680152522416,0.582688187266683
2021-10-19,294577797.189887652895251641955,0.557563108465763,0.00000899628234210808,0.000148839635681647,0.480352607929383,0.557563108465763
2021-10-20,296914378.024430356559718902544,0.600229946178981,0.00000933615748287493,0.000154896286267574,0.515468212941635,0.600229946178981
2021-10-21,281796679.79540069364361570555,0.604438633847186,0.00000914959424788929,0.000145529104407134,0.517370946919719,0.604438633847186
2021-10-22,272563164.36458037033668485354,0.573285647920505,0.00000919111647792459,0.000141023871110813,0.492905618763267,0.573285647920505
2021-10-23,256101718.967243840996587506048,0.55402536644209,0.00000911961389933349,0.000139358408301429,0.476145166607527,0.55402536644209
2021-10-24,247446515.952987062632949686025,0.520023758874189,0.00000849017236474814,0.000125018347170719,0.447355434370128,0.520023758874189
2021-10-25,280723603.72536453015375584391,0.502106447448425,0.00000824944975787178,0.00012316813986437,0.431746363465991,0.502106447448425
2021-10-26,287460149.8322637420833875176,0.569123277071229,0.00000902916344867484,0.00013504219987919,0.490325582185037,0.569123277071229
2021-10-27,338361043.470266198401610373244,0.581817078964632,0.00000963369323112615,0.000140854233934824,0.502040581098076,0.581817078964632
2021-10-28,308139327.198970810316529002725,0.684640915304863,0.0000116906064815372,0.00017343122713415,0.591092227718729,0.684640915304863
2021-10-29,299648152.235300559150573700575,0.622707122114485,0.000010281705961048,0.000145534133180882,0.532999935964312,0.622707122114485
2021-10-30,298381168.33937078431502773346,0.605044068671597,0.00000972258133475509,0.000137099128867834,0.523076901077022,0.605044068671597
2021-10-31,295154419.759433007757027173324,0.601985457385252,0.00000974987077378897,0.000139628264664537,0.520919726348301,0.601985457385252
2021-11-01,320050960.916895030493921127,0.595065942019468,0.00000968642638327403,0.000138581910135871,0.515193073710544,0.595065942019468
2021-11-02,316685378.487802832660568843088,0.6450891625606,0.0000105592902311737,0.000149126391200818,0.556458626293461,0.6450891625606
2021-11-03,255926025.7216881378936067194,0.638167783408886,0.000010125669859224,0.000139144129455551,0.551312289775866,0.638167783408886
2021-11-04,267830918.158108509905746559773,0.61178944843516,0.00000971773342743224,0.000133030902349124,0.526992635398098,0.61178944843516
2021-11-05,250129270.385480965424187629068,0.638368041200939,0.0000103979083493396,0.000140746049402975,0.552845110223579,0.638368041200939
2021-11-06,254957499.136596843861332097845,0.595643840021428,0.00000976371822568449,0.000133048358777071,0.516461791541311,0.595643840021428
2021-11-07,255026384.41889669351337470474,0.606738574023985,0.000009872883322301,0.000134482855335544,0.525702273578666,0.606738574023985
2021-11-08,256413012.236910147867313175925,0.60625414593209,0.00000961639156410433,0.000131528717518932,0.525200529381944,0.60625414593209
2021-11-09,270213303.14902430286089201871,0.608908033826203,0.00000901528290529014,0.000126561677742817,0.525289214720654,0.608908033826203
2021-11-10,254859443.161348215804494499185,0.641115757702263,0.0000095552598772919,0.000135379394416929,0.553269477990985,0.641115757702263
2021-11-11,259308504.141590443179225733623,0.604197163860395,0.00000933035450588133,0.00013077987708641,0.526473869645635,0.604197163860395
2021-11-12,255376360.55504385066854765811,0.614070233422317,0.00000945262507696016,0.000129886460134195,0.536849743871259,0.614070233422317
2021-11-13,245882803.496688382880321834846,0.60457809165591,0.00000943489120022965,0.000129660959620035,0.528539395032299,0.60457809165591
2021-11-14,233874331.84054774883878824681,0.581806110836569,0.000009034566247352,0.000125255826629438,0.509206097506093,0.581806110836569
2021-11-15,223801455.093758416792414449936,0.552375380335607,0.00000849387168859185,0.000119833690218127,0.483183253845913,0.552375380335607
2021-11-16,203867777.387050090629126032982,0.528396883935696,0.0000082881231265943,0.000115637936153696,0.465002739324571,0.528396883935696
2021-11-17,245486902.787176638472496005892,0.480559753282569,0.00000796650951778499,0.00011349665386221,0.424852326202607,0.480559753282569
2021-11-18,227751873.88573235267605229825,0.461247448333253,0.00000766773753802692,0.000108131928888034,0.407976562655691,0.461247448333253
2021-11-19,250550725.599404848800075125754,0.427449409340875,0.00000752629217955609,0.0001072464454743,0.376196255538634,0.427449409340875
2021-11-20,250815735.983169712912254261212,0.466891650255078,0.00000804790331381226,0.000108799929010922,0.414469536001455,0.466891650255078
2021-11-21,273237247.76519227034159956574,0.467020138755931,0.00000781630546471615,0.000105824807036076,0.414616030801018,0.467020138755931
2021-11-22,248114726.77807244053704521876,0.508469809161802,0.00000861336958840527,0.00011797223207027,0.451625089520566,0.508469809161802
2021-11-23,224235648.136196635808787516632,0.461197986687142,0.00000817965269704003,0.00011257593576567,0.410513689523067,0.461197986687142
2021-11-24,215668424.268003133442561112396,0.463358457777083,0.00000803851915537621,0.00010656435359889,0.412124016193271,0.463358457777083
2021-11-25,255290571.874581045921965218395,0.445340056923243,0.00000779359103434185,0.000104491619963691,0.397601184005736,0.445340056923243
2021-11-26,228367205.08704733529488306392,0.473531564452735,0.00000802478145971712,0.000104623745191676,0.422548516846854,0.473531564452735
2021-11-27,237302415.817332159301444812001,0.423419498590296,0.00000787016052227365,0.000104496200204105,0.374728227853792,0.423419498590296
2021-11-28,240013314.029570564470533009456,0.439906034384443,0.00000805159566486842,0.000107637457787166,0.389219580284545,0.439906034384443
2021-11-29,239193296.698019481850161103296,0.444223496486568,0.00000775955624468092,0.000103522558955186,0.393670457363679,0.444223496486568
2021-11-30,241302653.278975213751237557548,0.442369582291392,0.00000763750266038087,0.000099444426934865,0.391661073022987,0.442369582291392
2021-12-01,240256918.446404072554764149824,0.446052457896838,0.00000781218554294637,0.0000960274075831343,0.393387840184072,0.446052457896838
2021-12-02,240950286.077756506928688615396,0.443623716933568,0.00000775828935970152,0.0000967652706410856,0.391971060996027,0.443623716933568
2021-12-03,227561318.377582341449075256654,0.444645442373149,0.00000785830155996104,0.0000982089556814907,0.393607765365239,0.444645442373149
2021-12-04,188153740.218127006625245367794,0.419711562972537,0.00000781999115584825,0.0000991538368363563,0.371670252054633,0.419711562972537
2021-12-05,170993912.572075225181774181858,0.346787853625651,0.00000705430670026497,0.0000846286134101926,0.307246031772901,0.346787853625651
2021-12-06,169852902.17329951796284058725,0.314839463507778,0.00000638268830637432,0.0000751302710966722,0.278442088091886,0.314839463507778
2021-12-07,174008664.8326965474507644015,0.312585165239041,0.00000618546621222768,0.0000719920339139349,0.277080715035517,0.312585165239041
2021-12-08,176671746.821859155200067657488,0.320113915359154,0.00000632955515733806,0.0000743800114616589,0.283975398169529,0.320113915359154
2021-12-09,162521398.442579662329994576887,0.324500264072048,0.00000642566454316097,0.0000732950868641515,0.28611920176949,0.324500264072048
2021-12-10,151709221.555921324080965026848,0.298460166547379,0.0000062259850120289,0.000071792044200217,0.264417107676109,0.298460166547379
2021-12-11,157806201.871534613678278471594,0.278302396716344,0.00000586675070918453,0.0000707858045155705,0.246130473189422,0.278302396716344
2021-12-12,164007756.353137466881517153635,0.289193572846078,0.00000586340629710615,0.0000708879883427548,0.256202845969156,0.289193572846078
2021-12-13,140115587.576830493882685610272,0.300334554143495,0.00000599032882832067,0.0000725272752754599,0.265482806325308,0.300334554143495
2021-12-14,147835924.17746506213689253719,0.256460103855992,0.00000548163528376705,0.0000677018293332861,0.227380866247219,0.256460103855992
2021-12-15,148737822.96560709065556896178,0.269864183435202,0.00000558809680599974,0.0000700806987678483,0.239726154655676,0.269864183435202
2021-12-16,148900193.583264711930708143472,0.27139791720673,0.00000555794507514543,0.00006758518217349,0.240210738811422,0.27139791720673
2021-12-17,146282734.628242444978534229454,0.271656725874234,0.00000569947448139615,0.0000683679550499296,0.239760804492406,0.271656725874234
2021-12-18,238133194.908420346046693855128,0.266499491280678,0.00000575164477335006,0.0000685894445877252,0.23718881151149,0.266499491280678
2021-12-19,203261758.375138423906778914335,0.433458010615448,0.00000924121475341214,0.00010929704579329,0.385833013310083,0.433458010615448
2021-12-20,183349138.99855678831511451408,0.369676927001735,0.00000788620104516328,0.0000938846332795193,0.328742113555894,0.369676927001735
2021-12-21,179899120.4078371790839313442,0.333262640559435,0.00000709752570073816,0.0000845914197974632,0.295540530322485,0.333262640559435
2021-12-22,173304827.259730452668031393556,0.326741364313234,0.00000665704226539777,0.0000810974277288183,0.289237113689793,0.326741364313234
2021-12-23,184179183.918828857834371975914,0.314661542075866,0.00000646227109169181,0.0000789671825371809,0.277840272052602,0.314661542075866
2021-12-24,172889086.24290827119396390166,0.334346970796814,0.00000659292811546442,0.0000815112709138404,0.295238431969037,0.334346970796814
2021-12-25,207193053.749856976030243825344,0.31377313495054,0.00000617860267006895,0.0000775674597852653,0.277333468858064,0.31377313495054
2021-12-26,194587056.67159819602431464872,0.375317390297776,0.00000741873977476487,0.0000915425858189998,0.332137731947057,0.375317390297776
2021-12-27,191479959.294515501671344471552,0.352264540661445,0.00000693457251504366,0.0000865439979697071,0.311183855006618,0.352264540661445
2021-12-28,176559672.72347971693864167501,0.346549090149912,0.00000682231895307251,0.0000856864003242966,0.305961399466636,0.346549090149912
2021-12-29,179154283.377605180813895934229,0.31914378378621,0.0000066944284800311,0.0000838503784800044,0.282299671206286,0.31914378378621
2021-12-30,177288068.788536809491490991798,0.323555892296477,0.00000696263510407535,0.000088921633748317,0.285083409271275,0.323555892296477
2021-12-31,174710484.245738451681231222393,0.320146411851903,0.0000067968083075843,0.0000863385081952007,0.282803039670042,0.320146411851903
2022-01-01,179446455.265032940315460892151,0.315389708530241,0.00000680377327670485,0.000085542129741207,0.277446217544849,0.315389708530241
2022-01-02,179360068.283796898599827141773,0.323392704954049,0.00000679967706395859,0.0000859844660508845,0.284488975377822,0.323392704954049
2022-01-03,173716862.538568871693221559763,0.322946694811049,0.00000682004753515572,0.0000842682373463297,0.284272311478331,0.322946694811049
2022-01-04,174413870.768298004201357013552,0.312550526538337,0.00000672825474275099,0.0000830050399230391,0.276631382125811,0.312550526538337
2022-01-05,158482749.548328107763804091852,0.313752012221672,0.00000683466819019021,0.0000826393795942827,0.27812971370489,0.313752012221672
2022-01-06,159787504.003392422411433230251,0.283036622281636,0.00000650196379910643,0.0000798240042471857,0.250584097788092,0.283036622281636
2022-01-07,144023623.889766153393895688585,0.285291371266793,0.00000661239079300703,0.0000835838030746363,0.252734653109471,0.285291371266793
2022-01-08,146280357.392875965194465517,0.256571667230947,0.00000618054582032131,0.0000804267925205759,0.225922633414126,0.256571667230947
2022-01-09,147692289.374720019541498261941,0.260362970712475,0.00000622880708652079,0.0000841814002839657,0.229371590097578,0.260362970712475
2022-01-10,139606801.355964397101829076944,0.262674770099961,0.0000062711083320227,0.0000832608807836552,0.23147082877277,0.262674770099961
2022-01-11,147078004.033875923478328261002,0.248151713552456,0.00000593423736750918,0.0000805722494458373,0.21910681902045,0.248151713552456
2022-01-12,154643221.405588221444657784672,0.261293488053582,0.00000610953041574055,0.0000805975244151154,0.230051484048004,0.261293488053582
2022-01-13,146586351.695158379298288385914,0.274661163097838,0.00000624783324434303,0.0000814330140480174,0.240375235880383,0.274661163097838
2022-01-14,152291510.891930555266964257896,0.259982497559238,0.000006099029219381,0.0000799190840963848,0.22702767439699,0.259982497559238
2022-01-15,151380299.61352162587022492275,0.270069798196344,0.00000626573570583138,0.0000816237539040584,0.23660229823616,0.270069798196344
2022-01-16,152477515.996658618567637766494,0.26818179597075,0.00000620695295785458,0.0000804276747515491,0.235180979822417,0.26818179597075
2022-01-17,170072606.423530889397457038814,0.269930743841874,0.0000062529041981449,0.0000804243154888188,0.236630676710381,0.269930743841874
2022-01-18,152671015.568937153740668107708,0.301004916349234,0.00000713091346222512,0.0000937382865852899,0.263969932986214,0.301004916349234
2022-01-19,144288720.877395343981830993975,0.269802793600957,0.00000635858967777689,0.0000852242947157687,0.238213624390009,0.269802793600957
2022-01-20,138976509.72414408263906345182,0.254826632653413,0.00000609812213680861,0.0000820586825133518,0.224720358655409,0.254826632653413
2022-01-21,111495143.855994182202733821498,0.245334952233955,0.00000601958466936691,0.0000814558705787313,0.216996717583561,0.245334952233955
2022-01-22,98526591.676450086905595328668,0.196653155472731,0.00000538889640610562,0.000076666233573323,0.173508803832083,0.196653155472731
2022-01-23,107770628.602517195645254733242,0.173665113271942,0.00000496237207558083,0.00007233548550276,0.153350618981491,0.173665113271942
2022-01-24,97544474.585639312128585244205,0.189829839432107,0.00000523364606331856,0.0000749280782481475,0.167474629550534,0.189829839432107
2022-01-25,101279878.398610844185601672319,0.171784493512665,0.00000468591874267484,0.0000704287940180309,0.151742971448489,0.171784493512665
2022-01-26,114035173.72899718351801339945,0.178076499089427,0.00000481905367497637,0.0000724364639347993,0.157622247393084,0.178076499089427
2022-01-27,104651694.668978029338338983748,0.20041090623935,0.00000544212949525776,0.0000812331380528853,0.178366792265556,0.20041090623935
2022-01-28,109855162.078684390487324185408,0.183771276639418,0.00000496384821728691,0.000076170692491761,0.164912290041812,0.183771276639418
2022-01-29,112612231.61647701714780530295,0.192853719612371,0.00000510615844700931,0.0000757611232957316,0.172957950081647,0.192853719612371
2022-01-30,108046217.650256116410931746938,0.197475154228785,0.00000518466825005891,0.0000761512265782966,0.17740698779194,0.197475154228785
2022-01-31,108239792.65622642137799409664,0.189321160018447,0.00000498429918769565,0.0000725214133922926,0.169936558220307,0.189321160018447
2022-02-01,110791140.201576018019479257271,0.189611462236672,0.0000049297526768311,0.0000705854643999846,0.168841124509585,0.189611462236672
2022-02-02,104933883.216793191655146397892,0.193862361188349,0.00000499800300878061,0.0000693460710414341,0.172010291363214,0.193862361188349
2022-02-03,109928593.00141166131176412101,0.183518414774573,0.0000049676999542838,0.0000683075671933803,0.162471974520212,0.183518414774573
2022-02-04,118814793.896981926577703603259,0.192107424132582,0.00000518401498180447,0.0000719327433581781,0.168012652792141,0.192107424132582
2022-02-05,124928079.196908786418729132015,0.207522543794711,0.00000505168009268273,0.0000698745058782059,0.181128006796694,0.207522543794711
2022-02-06,131475938.86050248488103495164,0.217962584011019,0.00000525102461041194,0.0000722302053770342,0.190512433998829,0.217962584011019
2022-02-07,130373322.420744931293251918586,0.22927219085428,0.00000541269587940266,0.0000751866864668783,0.200241728060511,0.22927219085428
2022-02-08,125111379.053374873643764339008,0.227146613265198,0.00000517548169597717,0.0000722160978850063,0.198675173324353,0.227146613265198
2022-02-09,130396040.10643945255141030176,0.217836898921196,0.00000493206930884088,0.0000696713700471795,0.190876752854901,0.217836898921196
2022-02-10,143523199.190476383621890858168,0.22685562196284,0.00000510877711921086,0.0000699799318892019,0.198628606581315,0.22685562196284
2022-02-11,126707755.820483714142705549571,0.249603708680612,0.00000572297306920145,0.0000810252890739162,0.218792685954501,0.249603708680612
2022-02-12,128420992.52809241727878498889,0.220137501760123,0.00000519715347213632,0.0000752843514937891,0.193883835810059,0.220137501760123
2022-02-13,124920505.946301373123085392221,0.222953639064411,0.00000528658645167215,0.0000765943617691472,0.196660959802706,0.222953639064411
2022-02-14,127508551.21946976323425326612,0.216752723136931,0.00000513685668956472,0.0000752431647006135,0.190932232916968,0.216752723136931
2022-02-15,147359770.40979483334885271516,0.221057990220465,0.00000518353775776789,0.0000752845830424272,0.195545436794638,0.221057990220465
2022-02-16,143163818.04885056613158956967,0.232024665754004,0.00000521264249580441,0.0000730726920576562,0.204280449126046,0.232024665754004
2022-02-17,129065457.72914345286736272607,0.225324566591987,0.00000511337659913139,0.0000717473863451053,0.198051244705397,0.225324566591987
2022-02-18,122516704.790462233820813996821,0.20299673700827,0.00000499868544034593,0.0000702901355049488,0.178674280081891,0.20299673700827
2022-02-19,122509552.15146456252446225616,0.192562877188817,0.00000480875579180457,0.000069149858915595,0.170081996804533,0.192562877188817
2022-02-20,116016644.577603931467250873054,0.19239381277128,0.00000479834281233672,0.0000697686917930752,0.169911359600163,0.19239381277128
2022-02-21,108191910.325543683665310007164,0.182037142613113,0.00000472190613062502,0.0000690479085537354,0.160815793323422,0.182037142613113
2022-02-22,110722901.04873789943491939848,0.169676541894402,0.00000457373381860372,0.0000657948633059351,0.150062963264848,0.169676541894402
2022-02-23,108954023.161218222585141312631,0.17352490087384,0.00000454222821890521,0.0000658231455456305,0.153155784449136,0.17352490087384
2022-02-24,104717730.49232625568392796832,0.170614680144341,0.00000457310633626146,0.0000658288435950253,0.150843923564976,0.170614680144341
2022-02-25,115198241.0604903352380303446,0.163918031243104,0.00000428165627074626,0.0000631899615880223,0.146259021208212,0.163918031243104
2022-02-26,113578057.553323621204951193481,0.180178369927988,0.00000458192001781701,0.0000646127127951117,0.159642545098635,0.180178369927988
2022-02-27,107457261.716389749394035110844,0.177547306533187,0.00000454590020254225,0.0000639191838456612,0.157654987471157,0.177547306533187
2022-02-28,119493509.342695262222408688156,0.167844432811621,0.00000445627018151498,0.0000641979654697919,0.150290727518312,0.167844432811621
2022-03-01,120043774.533079695085588566574,0.186541979778206,0.00000432017601687884,0.0000640055638430681,0.166250391091496,0.186541979778206
2022-03-02,129211037.93638883846403925333,0.187335751906151,0.00000422551130930012,0.0000630858946180007,0.168369057718544,0.187335751906151
2022-03-03,118949982.081889451621489977128,0.201455470899598,0.00000458013804688645,0.0000681823577568756,0.181203326471629,0.201455470899598
2022-03-04,113189974.519969427588947247832,0.185359673917554,0.00000436214571285733,0.0000653375692261181,0.16747734031909,0.185359673917554
2022-03-05,117511672.016008125860957059018,0.176280047318712,0.00000450770267288053,0.0000673384261396243,0.161230611087787,0.176280047318712
2022-03-06,114430743.0264058924423190228,0.182911503306646,0.00000464432353573303,0.0000686891969909131,0.167445793454641,0.182911503306646
2022-03-07,106603192.962018801404285503025,0.177957580958275,0.00000463439134069839,0.0000695716373846536,0.163461067224351,0.177957580958275
2022-03-08,108478198.174574751687695530692,0.165696678705335,0.0000043436661581174,0.0000662521528324336,0.152608425007526,0.165696678705335
2022-03-09,111333461.244130116302066650392,0.168501882870783,0.00000435118931479554,0.0000653674372220017,0.154654420582203,0.168501882870783
2022-03-10,111753726.554401461312374714323,0.172836393737961,0.00000411619080384029,0.0000633803499322895,0.15613880928748,0.172836393737961
2022-03-11,106378426.97483571095236838829,0.173360979511777,0.00000439085772298175,0.0000663859317622277,0.15765900265876,0.173360979511777
2022-03-12,105210940.574022833873010385883,0.164946913933295,0.00000424843182778135,0.0000643668403118117,0.151153660959965,0.164946913933295
2022-03-13,105058071.761013820978632302522,0.163041116354057,0.00000418578655582019,0.0000632387891793934,0.149670742017702,0.163041116354057
2022-03-14,110720120.2359935716471029152,0.162692301006226,0.00000430308228962513,0.0000646504356479617,0.148882233838695,0.162692301006226
2022-03-15,117942814.818889609945735021314,0.17135990343538,0.00000432191751487262,0.0000661780276146618,0.156696295172587,0.17135990343538
2022-03-16,119217262.024079530777924087938,0.182379837118238,0.00000463400918533111,0.0000695777740801866,0.166337651692601,0.182379837118238
2022-03-17,137758752.421937067495796567434,0.184264285614101,0.00000448312303786464,0.000066547456506179,0.167199569025631,0.184264285614101
2022-03-18,135150940.079779763096721647234,0.212532706978663,0.00000518797402586792,0.0000754713562362059,0.191490670288312,0.212532706978663
2022-03-19,133109638.013312608343768968049,0.208312274434777,0.00000498043552695905,0.000070712453072545,0.18826827837875,0.208312274434777
2022-03-20,128941335.849194748574826549484,0.205100261546917,0.00000486098348830233,0.0000695531384304375,0.185437435013784,0.205100261546917
2022-03-21,128567929.938101987445382886972,0.198526546961628,0.00000480755239587767,0.0000693708461065893,0.179684315479023,0.198526546961628
2022-03-22,130730095.981011619113450914835,0.197799515096809,0.0000048168090191818,0.0000682464399375161,0.179459754900328,0.197799515096809
2022-03-23,131783159.721406841447709996988,0.201047432491863,0.0000047435676655298,0.0000675418532318911,0.18231212785074,0.201047432491863
2022-03-24,135674496.590260150586552189472,0.202504944642242,0.00000473870914802609,0.0000670295996950793,0.183871318197481,0.202504944642242
2022-03-25,132202598.526011282122165922584,0.208387992139356,0.00000473882701658498,0.0000670041999574666,0.189207781293906,0.208387992139356
2022-03-26,135865912.35016131278817638052,0.202932602075164,0.00000457601292558666,0.0000653681778489074,0.184803612266321,0.202932602075164
2022-03-27,142667113.074160714398512621382,0.208436345098299,0.00000468186629628787,0.0000662619676611701,0.189703769360857,0.208436345098299
2022-03-28,144507087.1469330969617480004,0.218720508636401,0.00000467579252986271,0.0000665058779749638,0.19905066831873,0.218720508636401
2022-03-29,159734743.235397106440127181187,0.221421181208048,0.00000468877707835141,0.0000661653906774322,0.201319701376401,0.221421181208048
2022-03-30,160453509.793188890505457084401,0.244578391650807,0.0000051529556647542,0.0000719629268186695,0.220446531892163,0.244578391650807
2022-03-31,152618207.699789735465305841734,0.245533172893599,0.00000521044128391839,0.000072448980234759,0.219938936139149,0.245533172893599
2022-04-01,161542971.02924441791034744929,0.233390378182939,0.00000512245509531842,0.0000711168463570526,0.210841653082355,0.233390378182939
2022-04-02,155387061.77136012023322035097,0.246874688760094,0.00000533779229676614,0.0000716301371959711,0.223497665687842,0.246874688760094
2022-04-03,158704812.460492975369420635424,0.237304930849518,0.0000051655520483026,0.0000687448721257249,0.214871735022937,0.237304930849518
2022-04-04,153435946.601811588764880226431,0.242255875435744,0.00000521647369587101,0.0000687927406371245,0.219433458907198,0.242255875435744
2022-04-05,161308875.594779450804908283918,0.234066830628309,0.00000501611147323496,0.0000663942925886776,0.213257804515271,0.234066830628309
2022-04-06,137809994.1737365679905317816,0.245924895282697,0.00000538210900084146,0.0000717954502297792,0.225502292548034,0.245924895282697
2022-04-07,146746108.566576001978839551427,0.20995309796976,0.00000484824852660395,0.0000659461870752963,0.1927963540451,0.20995309796976
2022-04-08,140880263.193746235129690867686,0.223115618926563,0.00000512096622304147,0.0000689013610623747,0.205213042989865,0.223115618926563
2022-04-09,143332798.518420005007980274249,0.214082900646098,0.00000507040289194903,0.0000671998203585639,0.196924665662184,0.214082900646098
2022-04-10,140944105.22173464738727155537,0.217027910081001,0.00000508488406667837,0.0000666146007292582,0.199767271795135,0.217027910081001
2022-04-11,122875933.341449275538709013943,0.213328102142367,0.00000504745795939283,0.0000662894241072055,0.196060724400658,0.213328102142367
2022-04-12,127312250.136579642723185198236,0.185829952799471,0.00000469931808755075,0.0000622483620051302,0.170876404364449,0.185829952799471
2022-04-13,130889752.380814464755071145359,0.192363533518036,0.00000479753025102263,0.00006352919141599,0.177763300387293,0.192363533518036
2022-04-14,124712327.662197036609895180848,0.197696119436489,0.00000480395825907998,0.0000633938209541343,0.181576573655896,0.197696119436489
2022-04-15,126633856.540877796638457109017,0.188218501764744,0.00000471530617198349,0.0000623284025774191,0.174084105848457,0.188218501764744
2022-04-16,137342060.767620364887157631862,0.190998024990867,0.00000471282010853057,0.0000628422043036068,0.176950443383661,0.190998024990867
2022-04-17,128223935.768450816124944838706,0.207026960957007,0.00000511941319327117,0.0000675310602014529,0.191768349803797,0.207026960957007
2022-04-18,127369220.745080935170417487256,0.193203008385694,0.00000486598815104523,0.000064475646582891,0.178728215663578,0.193203008385694
2022-04-19,130312428.465022682589288068187,0.191773322138914,0.00000469815263682506,0.0000627069002591453,0.178042975096014,0.191773322138914
2022-04-20,130913045.022032737974111701388,0.196017221566581,0.00000472448324734457,0.0000631421334054763,0.181757221733284,0.196017221566581
2022-04-21,125529358.851396807791170927086,0.196829048772717,0.00000475482507286193,0.0000639359062058208,0.18146025802224,0.196829048772717
2022-04-22,127273807.990763518010887723325,0.188602655331538,0.00000466174811220727,0.0000631982717065491,0.174090919486798,0.188602655331538
2022-04-23,130207153.21598230873091090795,0.191089656178325,0.00000480874184886784,0.0000644715672372825,0.17710261591704,0.191089656178325
2022-04-24,129072923.02562310049188098034,0.19543341085619,0.00000493737469007798,0.0000664419848979962,0.181353870034769,0.19543341085619
2022-04-25,131755515.128007030470783483664,0.193554826320969,0.00000489867791955571,0.000066191322061272,0.17916198953142,0.193554826320969
2022-04-26,121192637.470229071543372816968,0.197454226425712,0.0000048785752403269,0.0000655511669143315,0.18429405105431,0.197454226425712
2022-04-27,130764913.115802008747151517757,0.181505150825388,0.00000476731805015405,0.0000647912780466871,0.170621439295843,0.181505150825388
2022-04-28,129013163.016636715040751308496,0.195678077004649,0.00000498942818605907,0.000067782661661377,0.185325733840471,0.195678077004649
2022-04-29,124025301.12026451649921695189,0.193001157793158,0.00000485562063831203,0.0000657786662705293,0.183786790388064,0.193001157793158
2022-04-30,110396310.058186676623561861143,0.185420063010642,0.00000480244589135444,0.000065853909626063,0.175912198239994,0.185420063010642
2022-05-01,113850262.605427723992594762369,0.164901953585319,0.00000437242239727422,0.0000604095662630799,0.156586499445763,0.164901953585319
2022-05-02,115421966.531861742384431266984,0.169956922853029,0.00000441914557838707,0.0000600747381266235,0.161225687017842,0.169956922853029
2022-05-03,111431957.275483847280393737877,0.172219692234134,0.00000446557619156613,0.0000601845250863188,0.163881486285774,0.172219692234134
2022-05-04,117373546.384990401769804392312,0.166178204709819,0.00000440739492693522,0.0000597564782154838,0.158021429516445,0.166178204709819
2022-05-05,106217612.44982790888123310514,0.174900172709037,0.00000441200809513882,0.0000595553788159002,0.164809451776451,0.174900172709037
2022-05-06,103460641.754777803646948903793,0.15820452431558,0.00000433413012625983,0.000057599392756269,0.150236173163014,0.15820452431558
2022-05-07,98829252.573423516962610426513,0.154000065638217,0.0000042726761791426,0.0000570903154450968,0.146074124910021,0.154000065638217
2022-05-08,92533450.725838012856061307218,0.146997861673641,0.00000413976901553199,0.0000557542725755427,0.139472198142104,0.146997861673641
2022-05-09,76393137.5149961813632697504,0.137602488193243,0.00000404013227615451,0.0000546120334214987,0.13068309742373,0.137602488193243
2022-05-10,75851963.107359419565139752813,0.11347642254376,0.00000372567843651985,0.0000502563800352003,0.107477619825445,0.11347642254376
2022-05-11,52565849.6923946915782080759288,0.112623782928123,0.00000363411136666863,0.0000480696854343615,0.106969628980974,0.112623782928123
2022-05-12,48634072.6226411166026623529472,0.0779935183000587,0.000002708432080365,0.0000377094486802566,0.074133706366672,0.0779935183000587
2022-05-13,56045139.24326085914720748614,0.0721307923630944,0.00000248463780986337,0.0000368304858355941,0.0694186507000604,0.0721307923630944
2022-05-14,56580809.9170941632566453548159,0.083063976822667,0.00000283630957158993,0.0000412013111369747,0.0799204509794138,0.083063976822667
2022-05-15,61946303.867454123589264461712,0.0837840876014723,0.00000278797639806663,0.0000408087412079286,0.0805856052129205,0.0837840876014723
2022-05-16,62749437.1794555389306709043944,0.0916892297552236,0.00000294039519743144,0.0000428661862783499,0.0881451121305934,0.0916892297552236
2022-05-17,72752741.5576233592366410658824,0.0856836847303707,0.00000286667098142879,0.0000423627312147901,0.0821180392007345,0.0856836847303707
2022-05-18,61765271.3915938083210913069628,0.0992552355355502,0.00000326087789819866,0.0000474251749653502,0.0940928152286968,0.0992552355355502
2022-05-19,69099134.7973591632284785603246,0.0842140992510083,0.00000292702561274553,0.0000438384964706458,0.0803617839147412,0.0842140992510083
2022-05-20,75575042.0958499119102900087,0.0940787878973038,0.00000310923209355158,0.0000466574499618009,0.0888877317741692,0.0940787878973038
2022-05-21,71641353.4803666761859668569955,0.102821257883475,0.0000035183545159395,0.0000524055287858351,0.0974052539561328,0.102821257883475
2022-05-22,72010711.9962021117477122233492,0.0974385709407059,0.00000331197524337463,0.0000493666178087462,0.0922798366711334,0.0974385709407059
2022-05-23,70473912.3711845858196835140306,0.0978805876322188,0.00000322698768786492,0.0000478735619676002,0.0925864022324,0.0978805876322188
2022-05-24,70606428.7878035908005823712126,0.0957394132084934,0.00000329134300390576,0.0000485833849872512,0.0896364219685177,0.0957394132084934
2022-05-25,67400900.5514188483796864185224,0.0958605733659086,0.00000323376049197938,0.0000484681756941553,0.089324012891786,0.0958605733659086
2022-05-26,63402231.0745026376240576169748,0.0914444937290097,0.00000309171620695891,0.0000470314045124639,0.0855633803073128,0.0914444937290097
2022-05-27,59576371.27426689545481334888,0.0859713446889834,0.00000293092595533649,0.0000475588978584613,0.0802361867676851,0.0859713446889834
2022-05-28,66736092.192253124335700012346,0.080726815322044,0.00000282142802907448,0.0000468993437551516,0.0752493406081798,0.080726815322044
2022-05-29,74577730.89150727295490224368,0.090384845948778,0.00000311183425101547,0.000050391344423409,0.0842672759867379,0.090384845948778
2022-05-30,76088533.043857939260692299135,0.100982867022496,0.00000343128203644652,0.0000557590599766368,0.0941493191687614,0.100982867022496
2022-05-31,71495494.1254739551975936245796,0.102940761107897,0.00000324366357334746,0.0000515606297142228,0.0955542427035176,0.102940761107897
2022-06-01,65536004.652412753483636280128,0.0966836149703458,0.00000303736518152023,0.0000496496529179559,0.0900688480463225,0.0966836149703458
2022-06-02,66073436.3804822809193543717016,0.0885665653725178,0.00000296944935283846,0.0000484596011860542,0.0831411138625572,0.0885665653725178
2022-06-03,64100084.0562526677317560886245,0.0892402810317132,0.00000292550147515646,0.0000486219990713996,0.0830573731950925,0.0892402810317132
2022-06-04,64774228.6201615247217858517235,0.0865354432203745,0.00000291731797535311,0.0000487981499942125,0.0807880312521738,0.0865354432203745
2022-06-05,65901194.269546361108937782327,0.0874048817023373,0.00000293379718239932,0.0000485839547962721,0.0816042842925005,0.0874048817023373
2022-06-06,64792503.9601164911132506456533,0.0888779909239015,0.00000297097693130843,0.0000492210941323649,0.0829079555586606,0.0888779909239015
2022-06-07,71706435.2010359871355149629093,0.0873340535011033,0.00000278722645433675,0.000047028257062416,0.0817306868786719,0.0873340535011033
2022-06-08,67377761.1335850401204930095965,0.0965986363836847,0.00000309858976421978,0.0000532941123433426,0.0902525574839207,0.0965986363836847
2022-06-09,65090366.4043549644750621105858,0.0907194592131165,0.00000300112692186621,0.0000505541262170841,0.0846742054756629,0.0907194592131165
2022-06-10,62770595.5166553319571530957024,0.0875910170054427,0.00000291343808032756,0.0000490106785814946,0.0824918827614564,0.0875910170054427
2022-06-11,58852607.2355273692667594235513,0.0844195338776858,0.00000290396877202509,0.0000507785723824301,0.0803004748028111,0.0844195338776858
2022-06-12,53240068.8631906523895989534004,0.0791059899022991,0.00000278927315200565,0.0000517201327748314,0.0752865184396059,0.0791059899022991
2022-06-13,45479109.6572807493959652845288,0.0715299341561217,0.00000266601480256529,0.0000493522244604024,0.0681386745559095,0.0715299341561217
2022-06-14,47426073.43754910992467501314,0.0610653873009161,0.00000273636332434089,0.000051222310450364,0.0586606949991537,0.0610653873009161
2022-06-15,47580285.7006622861325715040768,0.063640646484918,0.00000288320717369393,0.0000527899567466757,0.0609965710755204,0.063640646484918
2022-06-16,42208859.3022983467703994585439,0.0638197562607104,0.0000028338150394392,0.000051948309723467,0.0610566067868431,0.0638197562607104
2022-06-17,43758200.60300757466474663509,0.0565892909140031,0.00000278625296846711,0.0000532827590759221,0.0536735973021426,0.0565892909140031
2022-06-18,39418838.180417719661424642352,0.0586335505959729,0.00000286507470149553,0.0000539400892282703,0.0558928721424449,0.0586335505959729
2022-06-19,41898895.6347469301055583112235,0.0527853401879174,0.00000277614961142514,0.0000531686812054841,0.0503165925558093,0.0527853401879174
2022-06-20,41991880.4015673740175510855428,0.0560782941019935,0.00000273655506332353,0.0000498753520019098,0.0534902162800241,0.0560782941019935
2022-06-21,42687711.52953978588417126256,0.0561301855729286,0.00000272852407360487,0.0000500097806692258,0.0533893216135874,0.0561301855729286
2022-06-22,40616862.7904876221954472095929,0.0567148018872736,0.00000274137310465414,0.000050422096800104,0.0538691357682138,0.0567148018872736
2022-06-23,42947680.0859457323052682774048,0.0539405700112719,0.00000269660131340745,0.0000512506561254438,0.0510795263992632,0.0539405700112719
2022-06-24,46381249.945513449928952318784,0.0569967758217128,0.00000270163994897842,0.000049789784603429,0.0541506495519823,0.0569967758217128
2022-06-25,57386125.5329243853128182110305,0.0615226408974505,0.00000288851206743163,0.0000498594880964686,0.0583202243893274,0.0615226408974505
2022-06-26,54854378.1944745479631793791855,0.0760819610874745,0.00000354391396356853,0.0000612347656334613,0.0721496186040001,0.0760819610874745
2022-06-27,51728126.700399539068185780672,0.0726825587358891,0.00000345012894723326,0.0000603565127125761,0.0688317261636216,0.0726825587358891
2022-06-28,48032443.4988911533920091064692,0.0685008346321776,0.00000330107773020025,0.0000573275865719721,0.0647379234684018,0.0685008346321776
2022-06-29,48072573.5092560661662935504409,0.0635751958977529,0.00000313746763984936,0.0000556310036363454,0.0604111648089948,0.0635751958977529
2022-06-30,46293012.0337246564861306045968,0.0635890783782923,0.00000316663725758271,0.0000580285001339805,0.0608461765925557,0.0635890783782923
2022-07-01,49873444.2221127349971196458031,0.0612105840979728,0.0000031661336734009,0.0000587693605886849,0.0583635608978147,0.0612105840979728
2022-07-02,55046300.9544812495985309943104,0.0659110305634933,0.00000340768777757702,0.0000618242635636189,0.0631988799724016,0.0659110305634933
2022-07-03,51750585.1106819832793608205166,0.0727066702852836,0.00000378053798451694,0.0000681720328283796,0.0697439966032743,0.0727066702852836
2022-07-04,51204848.2099240070234197665336,0.0683123996088589,0.00000354381488561579,0.0000636232230839664,0.0654744173422096,0.0683123996088589
2022-07-05,49161310.478782983812867780088,0.0675525921430142,0.00000333983957706969,0.0000587330949315534,0.0647335825267902,0.0675525921430142
2022-07-06,54854338.6226948742349882150404,0.064827111265166,0.00000321032094225898,0.0000571386984052993,0.063124216679112,0.064827111265166
2022-07-07,55523376.913392215413991904597,0.0722991810355494,0.00000351635281578049,0.0000607546011968285,0.0710328576051986,0.0722991810355494
2022-07-08,58587886.1321971303187470452567,0.0731425229864035,0.00000337818609051161,0.000059059964071615,0.0719362160784092,0.0731425229864035
2022-07-09,62614526.8382031962320924832084,0.0771380238818811,0.00000353620503600455,0.0000626489911102184,0.0757800241242214,0.0771380238818811
2022-07-10,58551966.06193818600373243392,0.0823844343382474,0.00000381672132486141,0.0000677044273082407,0.0809301711241976,0.0823844343382474
2022-07-11,57102354.9653698251844956588652,0.077002444140313,0.00000369648281662047,0.0000659831187844658,0.0757254094350929,0.077002444140313
2022-07-12,54289604.3235551361883239861172,0.0750596630052818,0.00000375837087441824,0.0000684514795135596,0.0747206581119133,0.0750596630052818
2022-07-13,60846253.2893784691622679276624,0.0713242525787417,0.00000368807521367558,0.000068560632679597,0.0711199334838554,0.0713242525787417
2022-07-14,73343173.57270448828803060333,0.0798994303807978,0.00000396414477557972,0.0000719868257220762,0.0796057430797611,0.0798994303807978
2022-07-15,64777806.2987612064007341061344,0.0962560092856654,0.00000468333003291529,0.0000808346119738319,0.0960191053314734,0.0962560092856654
2022-07-16,66505795.1976824051893470546111,0.0849586019924832,0.00000407832819272013,0.000068767533180889,0.0842299759876486,0.0849586019924832
2022-07-17,63529868.5512718177134339215164,0.0871896793772283,0.00000411339805009534,0.0000644615425332522,0.0864989472129687,0.0871896793772283
2022-07-18,69440934.5588749614599636153664,0.0832403130416797,0.0000039965795192194,0.0000618749667323472,0.0824471240248411,0.0832403130416797
2022-07-19,70619945.6872833183339447167472,0.0909506693455944,0.00000407746191598682,0.000057985105126132,0.0896580496123128,0.0909506693455944
2022-07-20,64675530.2241280096721634336191,0.0924298269327276,0.00000395485967396822,0.0000597986561331844,0.0903235933006325,0.0924298269327276
2022-07-21,67413399.5223936962944687240089,0.0846039501826237,0.00000363404424070475,0.0000555445343966065,0.0831237840513847,0.0846039501826237
2022-07-22,63095193.3184365610468500621102,0.0881596208101397,0.00000380779467160727,0.0000558500267769355,0.0862079259507566,0.0881596208101397
2022-07-23,61897474.5024471715844289245916,0.0824549840201922,0.00000363140494126949,0.0000536611221512156,0.0808218094701895,0.0824549840201922
2022-07-24,62458554.6221251778815936664279,0.0808657633674588,0.00000359651804537599,0.0000521563577358861,0.0792531754739856,0.0808657633674588
2022-07-25,59244345.861375227144434152738,0.0815474219120909,0.00000359979414170124,0.0000508614477204827,0.0799273653057749,0.0815474219120909
2022-07-26,56394089.4580094905880038301047,0.077308900951026,0.00000359407018042648,0.0000528903365215531,0.07574603388224,0.077308900951026
2022-07-27,62522176.3601454426219096939264,0.0735486581951587,0.00000347228031155937,0.0000513892687414403,0.0725828177245557,0.0735486581951587
2022-07-28,64789690.814907356063762407684,0.0814869978554466,0.00000355863048216707,0.0000499202956210077,0.0798554434727576,0.0814869978554466
2022-07-29,66579423.9493773343430967578176,0.0844127221117804,0.00000354101645175091,0.0000489459384775247,0.0827903148481884,0.0844127221117804
2022-07-30,67987544.1051386369617956239346,0.0866831639238976,0.00000361922690275842,0.0000496445435405898,0.0847755211841739,0.0866831639238976
2022-07-31,65814614.528189743943477151443,0.0884787709827298,0.00000374538127619029,0.0000522647004933032,0.0866138392583617,0.0884787709827298
2022-08-01,66007218.9690606890857736233885,0.0855973002286934,0.00000366486851599209,0.0000508692467700298,0.0838690034979264,0.0855973002286934
2022-08-02,65919789.7505302940499429428139,0.0858055459915609,0.0000036776785347585,0.0000524535262541742,0.0836384969950578,0.0858055459915609
2022-08-03,66472173.1197826096417050848845,0.0856669713222717,0.00000371956855977564,0.0000522183730924934,0.0843628249456414,0.0856669713222717
2022-08-04,65217699.6083919765620830427017,0.0863277224975455,0.00000378468559187851,0.0000534131997217427,0.0849874638000591,0.0863277224975455
2022-08-05,67156970.3683968241206324999846,0.0846684498805109,0.00000374170087186534,0.0000526888749202225,0.0826647025113023,0.0846684498805109
2022-08-06,66025899.446911812001248487398,0.0871282601553858,0.000003747617831035,0.0000504907546165836,0.0855690785935837,0.0871282601553858
2022-08-07,66340627.470026340465326352588,0.085615155645714,0.00000372300102851788,0.0000504945052772044,0.084072778414199,0.085615155645714
2022-08-08,67084915.2241213278726114963105,0.0859796879658684,0.00000371343855107022,0.000050651276142498,0.0845175394261048,0.0859796879658684
2022-08-09,64754695.283337856664935429208,0.0868925443985889,0.00000365038733627285,0.0000489242633649494,0.0852019167864101,0.0868925443985889
2022-08-10,67474759.267551820346596562415,0.083828955416437,0.00000361545331755006,0.0000491956201483627,0.0821604027122014,0.083828955416437
2022-08-11,67306648.5525688069156448992016,0.0873018120187955,0.00000364927469790903,0.0000471690073309216,0.0847612282325457,0.0873018120187955
2022-08-12,75188096.2202205076618594757547,0.0870480793127572,0.00000363693835099697,0.0000463486887550228,0.0844210853303304,0.0870480793127572
2022-08-13,71624639.878667990019680718957,0.0971835209987403,0.00000398353380468555,0.0000497158721370855,0.094685671866612,0.0971835209987403
2022-08-14,71719619.2385207320347978618,0.092529131905743,0.00000378810647542225,0.0000467026946379516,0.0902299411106329,0.092529131905743
2022-08-15,65093501.88461321842745236328,0.086896641557949,0.00000357390471165672,0.0000448767501695532,0.0847297373726711,0.086896641557949
2022-08-16,66045217.5269095833577038212998,0.07881791330521,0.0000032726317857714,0.0000414450245828053,0.0775784061511878,0.07881791330521
2022-08-17,61500048.7145206080978872944054,0.0790998176633366,0.00000331393926500859,0.0000421502461530795,0.077750496848883,0.0790998176633366
2022-08-18,60631070.4852921346651183730592,0.0736029633820378,0.00000315400509306556,0.0000401498310066814,0.0723402491048174,0.0736029633820378
2022-08-19,53042327.403597332261743808792,0.0725319264845232,0.00000312352584307606,0.0000392233939038574,0.0718623309708692,0.0725319264845232
2022-08-20,52988244.8640648154084125070796,0.0634247118985595,0.00000303369306116229,0.0000392515913744083,0.0631688777433154,0.0634247118985595
2022-08-21,55310613.4194905681271090254587,0.0633205933849366,0.00000299435508723873,0.0000401822439819024,0.0631020458046239,0.0633205933849366
2022-08-22,53710391.7999752128321826393188,0.0660760501355237,0.00000306560554289428,0.0000407515175376647,0.0658869592609509,0.0660760501355237
2022-08-23,55419137.2745260215141507269576,0.0641356497095507,0.00000301091012713047,0.000039886851448575,0.0645059637459274,0.0641356497095507
2022-08-24,55888306.0124849856967342952488,0.0661554171019412,0.0000030720645016723,0.0000397596708129359,0.0663764773856865,0.0661554171019412
2022-08-25,56868102.408165943450978339305,0.0666891761770622,0.00000311268428330697,0.0000402045896688052,0.066873907583941,0.0666891761770622
2022-08-26,52332481.5483647901979294566012,0.067830689958357,0.00000314207865465172,0.0000400157940765552,0.0680205141149977,0.067830689958357
2022-08-27,53505545.4922981727478094951176,0.0623978663092677,0.00000308195969667487,0.0000413556390787031,0.0626767959431691,0.0623978663092677
2022-08-28,51320273.674170053072895470572,0.0637470450186552,0.00000318035690508078,0.0000427012149213845,0.0640408327568341,0.0637470450186552
2022-08-29,54489530.3289834896732339606712,0.0611059074339785,0.00000310599432782055,0.0000424076102055759,0.0615106642729947,0.0611059074339785
2022-08-30,52358077.572329817866856075609,0.0648557775930156,0.00000319944276760817,0.0000418348246794135,0.064858796616075,0.0648557775930156
2022-08-31,52813552.5806750027578815130116,0.0623000690419758,0.00000314242690789803,0.0000407299712750308,0.0621763916132456,0.0623000690419758
2022-09-01,54097593.6837223691539752189187,0.0628203038806737,0.00000313714527343219,0.0000404840632203145,0.062563047944555,0.0628203038806737
2022-09-02,54655852.9686778048389380587062,0.0643163582560891,0.00000319894943540894,0.0000405436328896847,0.064600710682938,0.0643163582560891
2022-09-03,54272414.574331237427838385249,0.0643894083180619,0.00000322772423170736,0.0000408407776216986,0.0646994533537833,0.0643894083180619
2022-09-04,53988851.663094592694093678888,0.0639162146109035,0.00000322746681111551,0.0000411021855763408,0.0642103155300042,0.0639162146109035
2022-09-05,55081652.6289756592514140889124,0.0635544476454664,0.00000318378560097005,0.0000403256564719255,0.0640992745743742,0.0635544476454664
2022-09-06,52409342.6029883362623522780904,0.0648282326565092,0.00000327451753088013,0.000040189572764678,0.0651580970763897,0.0648282326565092
2022-09-07,54765538.3808726666945626529492,0.0616585351597891,0.00000327167795022182,0.0000393809253971007,0.0623268150611827,0.0616585351597891
2022-09-08,53737710.836662829280772931364,0.0644007279527543,0.00000333805204700411,0.0000394156524762571,0.0644261079402474,0.0644007279527543
2022-09-09,57600368.4022979022767996998893,0.0631706429966568,0.00000326985013467357,0.000038646787622,0.0631261984947348,0.0631706429966568
2022-09-10,57282477.345914725777309886632,0.067623999591109,0.00000316542652553782,0.0000393753231789165,0.0672368472506982,0.067623999591109
2022-09-11,57537881.4672072125571030865812,0.0671564524632897,0.00000309259961083382,0.0000377325582214135,0.066740977896491,0.0671564524632897
2022-09-12,54944202.8730386068376425091568,0.0674262871303335,0.00000310251686121995,0.0000383423445375242,0.0669265787216342,0.0674262871303335
2022-09-13,51491464.12125823222338438288,0.0644317751050985,0.00000288089233088609,0.000037660217318197,0.0636159310097966,0.0644317751050985
2022-09-14,53538694.75487793319227093173,0.0602800357676973,0.00000298933348550613,0.0000382963053192305,0.0604245531267933,0.0602800357676973
2022-09-15,50173049.7855274450640086243248,0.06265826523497,0.00000309479069496491,0.0000383522003296538,0.0627579451752373,0.06265826523497
2022-09-16,48842009.1293268450126587212541,0.0586884881639411,0.00000297958450062006,0.0000398548570772739,0.0587194778358807,0.0586884881639411
2022-09-17,52663354.3522092114137533813168,0.0571151123358281,0.00000289313820020954,0.0000399388466229445,0.0570436247205268,0.0571151123358281
2022-09-18,47944583.674283475039309848094,0.0615600583460323,0.00000305953824510908,0.000041895540563,0.0614988741128551,0.0615600583460323
2022-09-19,48341004.1551246949809724666114,0.0560237326051089,0.00000288379283823478,0.0000418756820467805,0.0559206308618854,0.0560237326051089
2022-09-20,46509562.036818576381568402292,0.0564634984912877,0.00000288698052011873,0.0000409321517802104,0.056330414072237,0.0564634984912877
2022-09-21,44335711.5015613858135850613296,0.0543063177227105,0.00000287746844590531,0.0000410351785471279,0.0544719449860246,0.0543063177227105
2022-09-22,47372407.3339554408509651453346,0.0517513995575128,0.00000279635103419297,0.0000414299308868054,0.0525748129108446,0.0517513995575128
2022-09-23,47569313.2024967496551745363075,0.0552717919589263,0.00000284692776495058,0.0000415993606540626,0.0561403043252312,0.0552717919589263
2022-09-24,46573189.5423445103093690194782,0.0554888382836937,0.00000287107292364904,0.000041690993990773,0.0572233278993059,0.0554888382836937
2022-09-25,46411334.5637678500670242994136,0.0542984909332502,0.00000286917607357944,0.0000412286737347507,0.0559835913316847,0.0542984909332502
2022-09-26,45939027.596781330647498876472,0.0540923841836874,0.00000287830227892229,0.0000417847314795306,0.0558176261130287,0.0540923841836874
2022-09-27,45292862.2118650480222279802045,0.053524654956972,0.00000278757813523285,0.0000401118014645195,0.0556421595769615,0.053524654956972
2022-09-28,44959037.8559807722354819657816,0.0527496485874703,0.00000276078763761184,0.0000396457480220388,0.0549984545174019,0.0527496485874703
2022-09-29,44980579.3808322359969975122177,0.0523426495610054,0.00000269045584653967,0.0000390868590581248,0.0538712716161084,0.0523426495610054
2022-09-30,44195155.4874719010480103891926,0.0523543113703121,0.00000267922160001921,0.0000392566340189292,0.0532762165239085,0.0523543113703121
2022-10-01,44842538.3894556712869894385728,0.0514151216027514,0.00000264546470556875,0.0000387431629933615,0.0524656563341974,0.0514151216027514
2022-10-02,44590957.3674646863873900270347,0.0521493071807296,0.00000270037701084932,0.0000397715154032113,0.0532250584398044,0.0521493071807296
2022-10-03,45395602.6922483041311618174975,0.0518403385562687,0.00000272624455945303,0.0000406096234606112,0.052915393516451,0.0518403385562687
2022-10-04,46450236.70663820991830011818,0.0527533676127225,0.00000268691515769731,0.0000398315991846894,0.0536496715518894,0.0527533676127225
2022-10-05,44933942.2585742179898900954776,0.0539619243784585,0.00000265299904472045,0.0000395950866456394,0.0540649307977687,0.0539619243784585
2022-10-06,44195092.4660195920251202155805,0.0521828388374104,0.00000258906379117238,0.0000385808737488776,0.0526990783762471,0.0521828388374104
2022-10-07,44794801.209643321501760023656,0.0513044916733985,0.00000257158310632303,0.0000379652567250159,0.0523937136200568,0.0513044916733985
2022-10-08,44409085.40384977529743544934,0.0519822512288982,0.00000266041600580115,0.0000390098728001695,0.0533789090185637,0.0519822512288982
2022-10-09,43648408.7540976577123495214928,0.051520614416084,0.00000265348908841088,0.0000391655002317288,0.0529110618130256,0.051520614416084
2022-10-10,43414958.3046245785659439886128,0.0506181766071024,0.00000260537472151963,0.0000383199702223635,0.0520080853156886,0.0506181766071024
2022-10-11,41310514.9761616575067254705304,0.0503288266580624,0.00000262753286614872,0.0000389527154460901,0.0518370855582516,0.0503288266580624
2022-10-12,40380843.9354813062612945615482,0.0478691007416216,0.00000251422824504075,0.0000374403439028275,0.0493277511549692,0.0478691007416216
2022-10-13,39273855.198576835064751357543,0.0467727888686102,0.00000244156208118041,0.0000361281947324436,0.0481883601578555,0.0467727888686102
2022-10-14,39981018.687363862735733651108,0.0454793209928955,0.00000234576599644938,0.0000353045220033734,0.0465498395107685,0.0454793209928955
2022-10-15,46056068.238787505619095259189,0.0462837677840435,0.00000241341672961749,0.0000356763840037031,0.0476073101903597,0.0462837677840435
2022-10-16,,0.0532915369670214,0.00000279454045558057,0.0000417973825873603,0.0548556611339618,0.0532915369670214
